slide_id,true_label,pred_prob
2460239-B2,1,0.9990481734275818
2460242-B2,1,0.9999995231628418
2460399-B2,1,0.6283437013626099
2460404-B3,1,0.87408047914505
2460405-B2,1,0.9999359846115112
2460591-B2,1,0.9999871253967285
2460602-B,1,0.9999115467071533
2460615-B4,0,0.0015765535645186901
2460628-B2,1,0.9956455230712891
2460641-B2,1,0.4058256149291992
2460643-B,1,0.9917884469032288
2460753-B2,1,0.9785676598548889
2460770-B2,1,0.9990941286087036
2460943-B3,0,0.9993199110031128
2460949-B3,1,0.9999978542327881
2460960-B,1,0.9999856948852539
2460974-B2,1,0.8860855102539062
2461002-B2,1,0.9994989633560181
2461487-B2,1,0.7037352323532104
2461671-B2,1,0.9998656511306763
2461672-B2,1,0.9998836517333984
2461677-B2,1,0.9983437061309814
2461698-B,1,0.9988321661949158
2461700-B2,1,0.9999470710754395
2461703-B3,1,0.9991956353187561
2461718-B3,1,0.9998884201049805
2461755-B3,1,0.9993686079978943
2461836-B2,1,0.9501155018806458
2461857-B2,1,0.9989224672317505
2461861-B2,1,0.6586383581161499
2462123-B2,1,0.9994476437568665
2462170-B4,1,0.9993394017219543
2462290-B2,1,0.9991708993911743
2462293-B3,1,0.9979140162467957
2462468-B2,0,0.0030924957245588303
2462478-B2,1,0.9998756647109985
2462483-B,1,0.9996702671051025
2462598-B,1,0.41071680188179016
2462609-B2,0,4.838245331484359e-06
2462614-B3,1,0.9989854693412781
2462637-B2,1,0.9904147386550903
2462830-B2,1,0.8691344261169434
2462830-B4,1,0.9998903274536133
2462840-B5,1,0.9972959160804749
2462885-B2,1,0.9765934944152832
2462920-B3,1,0.999298095703125
2462921-B,1,0.9948440790176392
2462939-B,0,0.4501040279865265
2462987-B2,1,0.9313938617706299
2463126-B2,1,0.7409089803695679
2463127-B3,1,0.9988988637924194
2463135-B,1,0.9967103004455566
2463187-B2,1,0.999914288520813
2463351-B4,1,0.9999955892562866
2463367-B2,0,0.35170069336891174
2463370-B2,1,0.9998944997787476
2463379-B4,1,0.999150276184082
2463404-B2,1,0.9999083280563354
2463643-B,1,0.9990923404693604
2463647-B2,1,0.9999992847442627
2463656-B2,1,0.999998927116394
2463720-B7,1,0.9460081458091736
2464404-B5,1,0.9999926090240479
2464438-B5,1,0.8840965032577515
2464443-B,1,0.9974960684776306
2464548-B,1,0.9979954957962036
2464690-B2,1,0.9923558235168457
2464812-B3,1,0.9990830421447754
2464817-B,1,0.9943169951438904
2464879-B2,1,0.9996378421783447
2464929-B,1,0.11164837330579758
2464943-B2,1,0.9999936819076538
2465202-B3,1,0.9999504089355469
2465243-B2,1,0.9991453886032104
2465263-B2,1,0.9963866472244263
2465339-B2,1,0.8817172050476074
2465367-B3,1,0.9752320647239685
2465396-B2,1,0.999727189540863
2465397-B,1,0.9976904392242432
2465568-B2,1,1.0
2465608-B2,1,0.9969923496246338
2465625-B,1,0.9988137483596802
2465636-B,1,0.9999333620071411
2465639-B2,1,0.9994105100631714
2465643-B3,1,0.9999223947525024
2465661-B2,1,0.9955782294273376
2465795-B4,1,0.9998657703399658
2465827-B5,1,0.015789326280355453
2465843-B2,1,0.9984006285667419
2465989-B2,1,0.990982711315155
2466152-B2,1,0.9999569654464722
2466159-B2,1,0.9991528987884521
2466264-B2,1,0.9994945526123047
2466285-B,1,0.9999946355819702
2466580-B5,1,0.9981585144996643
2466581-B1,1,0.9999350309371948
2466581-B2,1,0.9861911535263062
2466584-B,1,0.9950174689292908
2466703-B4,1,0.9934020638465881
2466718-B,1,0.9643872976303101
2466866-B,1,0.9998589754104614
2466881-B2,1,0.009825773537158966
2466884-B2,1,0.9938039779663086
2466891-B2,1,0.9999964237213135
2466893-B2,1,0.9975347518920898
2466898-B2,1,0.9271502494812012
2466899-B2,1,0.7691158652305603
2466923-B2,1,0.9991771578788757
2468105-B2,1,0.5689988732337952
2468321-B2,1,0.9999949932098389
2468325-B,1,0.9996563196182251
2468417-B2,1,0.9917398691177368
2468419-B2,1,0.9999866485595703
2468419-B3,1,0.992823600769043
2468442-B2,1,0.9996685981750488
2468450-B2,1,0.9999997615814209
2468673-B2,1,0.9999526739120483
2468698-B2,1,0.9952280521392822
2468720-B2,1,0.9999916553497314
2468796-B3,1,0.9968435764312744
2468954-B2,1,0.9976166486740112
2469004-B2,1,0.994566798210144
2469005-B2,1,0.9992741942405701
2469007-B2,1,0.9991968274116516
2469019-B2,1,0.9999841451644897
2469023-B2,1,0.9999924898147583
2469023-B4,1,0.9999985694885254
2469024-B,1,0.9663906097412109
2469029-B2,1,0.9999626874923706
2469033-B2,1,0.9998427629470825
2469047-B2,1,0.999138593673706
2469072-B2,1,0.8775529861450195
2469074-B2,1,0.957192599773407
2469110-B3,1,0.9999558925628662
2469230-B,1,0.9976069927215576
2469256-B2,1,0.9968835711479187
2469260-B3,1,0.9788104295730591
2469496-B,1,0.9988987445831299
2469505-B2,1,0.9980134963989258
2469515-B2,1,0.9664410948753357
2469569-B2,1,0.9999896287918091
2469661-B,1,0.8812757134437561
2469693-B,1,0.9986270666122437
2469849-B2,1,0.9960435628890991
2469916-B2,1,0.9998811483383179
2469927-B2,1,0.9989392161369324
2469963-B2,1,0.9999997615814209
2469965-B2,1,0.999997615814209
2469969-B2,1,0.5307644009590149
2470260-B,1,0.9760668277740479
2470270-B2,1,0.9999814033508301
2470405-B2,1,0.9993575215339661
2470647-B2,1,0.9999935626983643
2470657-B3,1,0.9999997615814209
2471072-B2,1,0.9980494976043701
2471237-B2,1,0.9999064207077026
2471442-B3,1,0.9998233914375305
2471452-B2,1,0.9986258745193481
2471595-B3,1,0.7436668276786804
2471618-B3,1,0.9959034323692322
2471884-B2,1,0.8953595757484436
2471885-B2,1,0.9993118047714233
2471887-B,1,0.9972475171089172
2471921-B2,1,0.999035120010376
2471957-B,1,0.07259940356016159
2471959-B2,1,0.9906963109970093
2471963-B,1,0.9870443940162659
2472316-B7,1,0.0021295850165188313
2472453-B2,1,0.9803574681282043
2472465-B2,1,0.9996546506881714
2472471-B2,1,0.9993036985397339
2472481-B2,1,0.996993899345398
2472500-B2,1,0.6104514598846436
2472505-B,1,0.9991222023963928
2472509-B4,1,0.9994632601737976
2472509-B6,1,0.977443277835846
2473212-B4,1,0.999976396560669
2473218-B2,1,0.9967225193977356
2473218-B3,1,0.9999871253967285
2473228-B2,1,0.9998438358306885
2473266-B,1,0.37478703260421753
2473272-B3,1,0.999880313873291
2473366-B2,1,0.9994229078292847
2473394-B2,1,0.9999996423721313
2473534-B2,1,0.10126045346260071
2473545-B2,1,0.9999063014984131
2473545-B3,1,0.9991088509559631
2473549-B,1,0.999998927116394
2473600-B3,1,0.9999998807907104
2473608-B2,1,0.9876081347465515
2473621-B3,1,0.9067404866218567
2473623-B2,1,0.9999990463256836
2473738-B3,1,0.9978926777839661
2474124-B2,1,0.9999973773956299
2474140-B3,1,0.927669882774353
2474150-B3,1,0.9869030714035034
2474188-B2,1,0.9979360103607178
2474189-B7,1,0.027310287579894066
2474291-B2,1,0.9999960660934448
2474337-B3,1,0.9728752374649048
2474500-B2,1,0.9950921535491943
2474612-B2,1,0.9998114705085754
2474626-B2,1,0.9998717308044434
2474631-B3,1,0.9999518394470215
2474638-B3,1,0.9771989583969116
2474704-B2,1,0.9954259991645813
2474718-B4,1,0.9999877214431763
2474721-B,1,0.5642533898353577
2474739-B2,1,0.999945878982544
2474901-B,1,0.9972357153892517
2475011-B2,1,0.9964219331741333
2475022-B,1,0.9999743700027466
2475126-B2,1,0.9999772310256958
2475159-B,1,0.9713013172149658
2475184-B2,1,0.8529558181762695
2475349-B2,1,0.9961840510368347
2476242-B2,1,0.9999740123748779
2476250-B2,1,0.9823428988456726
2476252-B2,1,0.9990566372871399
2476286-B2,0,0.7051581740379333
2476295-B3,1,0.9999971389770508
2476299-B2,0,0.033720310777425766
2476358-B2,1,0.9992902278900146
2476376-B2,1,0.9456391334533691
2476391-B2,1,0.9869577884674072
2476681-B2,1,0.9943641424179077
2476693-B3,0,0.5213633179664612
2476750-B,1,0.9999978542327881
2476834-B3,1,0.9942967295646667
2476856-B2,1,0.9993504881858826
2476983-B,1,0.999301552772522
2476984-B2,1,0.9997240900993347
2477039-B,1,0.9865661263465881
2477053-B3,1,0.9997774958610535
2477058-B2,1,0.998794436454773
2477118-B3,1,0.986604630947113
2477118-B4,1,0.9518404603004456
2477189-B2,1,0.5185071229934692
2477189-B3,1,0.6457170844078064
2477274-B3,1,0.9989227652549744
2477285-B2,1,0.9998601675033569
2477299-B2,1,0.9999698400497437
2477473-B2,1,0.09580615907907486
2477476-B2,1,0.9987545013427734
2477541-B2,1,0.9999425411224365
2477577-B3,1,0.9999890327453613
2477668-B3,1,0.9998410940170288
2477670-B2,1,0.948384702205658
2477695-B2,1,0.9995336532592773
2477809-B3,1,0.9999908208847046
2477814-B5,1,0.9980363249778748
2477926-B4,0,9.59441877057543e-06
2477941-B2,1,0.9911139607429504
2477949-B2,1,0.7899854779243469
2477977-B3,1,0.9997182488441467
2478091-B4,1,0.009171823970973492
2481696-B4,1,0.9959540367126465
2481703-B2,1,0.9999915361404419
2481723-B2,1,0.9999878406524658
2481750-B2,1,0.9997145533561707
2482055-B2,1,0.9669129252433777
2482056-B4,1,0.9998992681503296
2482056-B9,1,0.998981773853302
2482111-B2,0,0.34089478850364685
2482461-B2,1,0.9987741112709045
2482483-B2,1,0.9770339131355286
2482607-B,1,0.9999793767929077
2482883-B2,0,2.6937530492432415e-05
2482886-B2,1,0.2756173312664032
2482896-B2,1,0.9995397329330444
2482947-B2,1,0.948673665523529
2482952-B2,1,0.999991774559021
2482956-B,1,0.996298611164093
2482957-B2,1,0.9999698400497437
2482962-B2,1,0.9788705110549927
2482964-B2,1,0.9997839331626892
2482969-B,1,0.7976878881454468
2482992-B,1,0.9979934692382812
2483014-B4,1,0.8626406788825989
2483055-B2,1,0.9999656677246094
2483073-B3,0,2.933273572125472e-05
2483211-B2,1,0.9572789669036865
2483215-B5,1,0.9935427904129028
2483215-B6,1,0.9999995231628418
2483220-B1,1,0.9597523808479309
2483363-B3,1,0.9999997615814209
2483768-B4,1,0.9562749266624451
2483846-B,1,0.9965986609458923
2483850-B2,0,0.42762866616249084
2483862-B2,1,0.9995923638343811
2483868-B4,1,0.9999806880950928
2483961-B3,1,0.9999978542327881
2483973-B1,1,0.4281320869922638
2483993-B2,1,0.37303993105888367
2484004-B2,1,0.9765776991844177
2484209-B2,1,0.9990860223770142
2484220-B3,1,0.9999998807907104
2484228-B,1,0.015505504794418812
2484301-B2,1,0.9994159936904907
2484312-B2,1,0.43841198086738586
2484463-B2,1,0.9996415376663208
2484633-B2,1,0.9988939166069031
2484660-B2,0,0.9996674060821533
2484727-B2,1,0.9990853071212769
2484734-B4,1,0.9940145611763
2484734-B5,1,0.9995415210723877
2484743-B4,1,0.9999890327453613
2484771-B3,1,0.993747353553772
2484791-B2,0,0.030177291482686996
2484791-B3,1,0.999864935874939
2484862-B3,0,0.01859454996883869
2484883-B2,1,0.9997060894966125
2485059-B2,1,0.9999833106994629
2485164-B2,0,0.07900641858577728
2485259-B6,1,0.4439317286014557
2485275-B2,1,0.05985676124691963
2485276-B3,0,0.9875074028968811
2485303-B2,1,0.9535617828369141
2485318-B2,1,0.995061457157135
2485322-B2,1,0.9978708028793335
2485328-B2,1,0.9980301260948181
2485473-B2,0,0.4503030478954315
2485517-B2,1,0.9999983310699463
2485536-B2,0,0.011964479461312294
2485632-B,0,9.687187230156269e-06
2485635-B2,1,0.8036960363388062
2485803-B2,1,0.9286080598831177
2485805-B,1,0.9435729384422302
2485969-B2,1,0.9953423738479614
2486100-B,1,0.13124406337738037
2486102-B2,0,0.002600923180580139
2486104-B1,1,0.99915611743927
2486104-B2,1,0.9286371469497681
2486165-B2,1,0.9999516010284424
2486191-B,1,0.9997304081916809
2486197-B2,1,0.999934196472168
2486262-B4,1,0.9931140542030334
2486653-B2,1,0.9929881691932678
2486653-B3,1,0.9980334639549255
2486687-B3,1,0.9979434609413147
2486812-B2,1,0.9977191090583801
2486813-B2,1,0.9967593550682068
2486833-B2,1,0.9479932188987732
2486845-B2,1,0.9902323484420776
2486859-B2,1,0.9999996423721313
2487043-B,0,0.9951743483543396
2487053-B2,0,0.0028466118965297937
2487063-B2,0,0.08688153326511383
2487140-B2,1,0.9995473027229309
2487143-B,1,0.999749481678009
2487146-B2,1,0.9993777275085449
2487237-B2,1,0.9998947381973267
2487246-B2,1,0.9996734857559204
2487274-B2,1,0.9990614056587219
2487376-B2,1,0.9941022992134094
2487388-B2,1,0.9948935508728027
2487518-B,0,5.097049870528281e-05
2487558-B2,1,0.35493478178977966
2487567-B2,0,0.19506199657917023
2487651-B,1,0.9771785736083984
2487656-B4,1,0.9991748929023743
2487664-B2,1,0.9988601207733154
2487896-B2,1,0.9999781847000122
2487935-B2,1,0.9995137453079224
2487941-B2,1,0.9992259740829468
2488039-B2,1,0.999751627445221
2488040-B,0,0.00047102238750085235
2488044-B2,1,0.994300127029419
2488044-B3,1,0.7121174931526184
2488050-B3,1,0.9988676309585571
2488065-B3,1,0.28939348459243774
2488302-B2,0,0.0439068041741848
2488320-B3,1,0.9999198913574219
2488330-B2,1,0.9976964592933655
2488335-B,0,0.24077455699443817
2488344-B2,1,0.9003390073776245
2488369-B2,1,0.9950398802757263
2488475-B2,1,0.9999997615814209
2488477-B2,1,0.9931060671806335
2488767-B,1,0.9244992136955261
2488769-B2,1,0.9994053840637207
2488806-B2,1,0.9999998807907104
2488916-B2,1,0.9981439113616943
2488932-B4,1,0.9998065829277039
2488960-B2,0,0.923423171043396
2488987-B2,0,0.020255979150533676
2489131-B3,1,0.0015023821033537388
2489137-B4,1,0.999479353427887
2489182-B2,1,0.999416708946228
2489203-B,1,0.9325644969940186
2489331-B2,1,0.9998218417167664
2490526B3,1,0.9998225569725037
2490547B2,1,0.9995619654655457
2490750B4,1,0.997553288936615
2490820B2,1,0.9588045477867126
2490820B3,1,0.9739752411842346
2490837B2,1,0.9996541738510132
2490844B1,1,0.9999914169311523
2490860B2,1,0.9999966621398926
2490963B2,1,0.9999948740005493
2490964B2,1,0.9999018907546997
2490972B8,1,0.9983595013618469
2490978B2,1,0.9960545301437378
2490980B,0,0.0008548790938220918
2491131B2,1,0.9997720122337341
2491191B2,1,0.9999281167984009
2491191B3,1,0.9977498650550842
2491226B2,1,0.9968823194503784
2491275B2,1,0.9999794960021973
2491552B,0,1.3402579668309045e-07
2491560B2,1,0.3773859441280365
2491579B,0,0.02868468500673771
25001929B3,1,0.019018232822418213
25001939B2,1,0.996792733669281
25001965B2,1,0.8261487483978271
25001966B2,1,0.9999209642410278
25002073B3,1,0.9999995231628418
25002238B,1,0.9954079985618591
25002328B2,1,0.9985175728797913
25002329B2,1,0.9773273468017578
25002366B6,1,0.9999517202377319
25002379B2,0,0.007159096654504538
25002388B2,1,0.9984464049339294
25002391B2,1,0.8716198205947876
25002472B2,1,0.999988317489624
25002496B2,1,0.9998987913131714
25002504B2,1,0.9953591227531433
25002510B2,0,0.0004606276343110949
25002663B5,1,0.999541163444519
25002744B2,1,0.9989629983901978
25002788B2,1,0.9996778964996338
25002789B2,1,0.9861389994621277
25002801B1,1,0.9442564249038696
25002804B2,1,0.9999974966049194
25002897B2,1,0.9999995231628418
25002898B2,1,0.9999929666519165
25002906B2,1,0.9964099526405334
25002907B3,1,0.9994145631790161
25003038B2,1,0.9989461302757263
25009124B2,1,0.9979015588760376
25009148B3,1,0.9993546605110168
25009148B4,1,0.9997126460075378
25009294B2,1,0.9200997948646545
25009297B,1,0.9999452829360962
25009367B2,1,0.9998642206192017
25009529B2,1,0.9994592070579529
25009539B3,1,0.9951350092887878
25009557B,0,0.007192312739789486
25009578B4,1,0.9965586066246033
25009747B,1,0.9969583749771118
25009756B2,1,0.9996036887168884
25012148B3,1,0.9974641799926758
25012148B4,1,0.9997089505195618
25012153B2,1,0.9826799631118774
25012170B4,1,0.9879484176635742
25012170B5,1,0.9908047914505005
25012175B4,1,0.9999262094497681
25012253B3,1,0.8543472290039062
25012485B2,1,0.7119001150131226
25012628B2,1,0.9797531366348267
25012737B4,0,0.89972323179245
25012760B2,1,0.9858171343803406
25012785B2,1,0.9984288811683655
25012915B2,1,0.9484642744064331
25012919B8,1,0.9997841715812683
25012919B9,1,0.9980310797691345
25013023B2,1,0.9979392886161804
25013062B2,0,0.012930158525705338
25013062B3,1,0.9907134771347046
25013162B2,1,0.9513283371925354
25013189B2,1,0.9075557589530945
25013189B3,1,0.9998677968978882
25013189B4,0,0.0017038682708516717
25013352B2,1,0.9999468326568604
25013465B2,1,0.9999161958694458
25013629B6,0,0.00015428452752530575
25013871B6,1,0.9906316995620728
25013878B2,1,0.7063877582550049
25013977B2,0,0.3206382393836975
25014124B2,1,0.9373856782913208
25014160B2,1,0.9897013902664185
25014217B2,1,0.0004337530117481947
25014217B3,1,0.5424400568008423
25014226B2,1,0.9996787309646606
25014265B2,1,0.9640368223190308
25014268B,1,0.9999994039535522
25014298B2,0,0.805354654788971
25014311B2,1,0.9999626874923706
25014318B,1,0.9989218711853027
25014627B3,0,0.9962514042854309
25014684B,1,0.612636923789978
25015052B3,0,0.002670216141268611
25015064B,1,0.9989398121833801
25015070B2,1,0.9748730659484863
25015087B2,1,0.3316837251186371
25015101B2,1,0.9998739957809448
25015103B2,1,0.9891670942306519
25015190B2,1,0.9998075366020203
25015191B2,0,0.0075622606091201305
25015191B3,0,0.003168493276461959
25015204B2,1,0.999988317489624
25015215B2,0,0.0064951530657708645
25015234B2,1,0.9999206066131592
25015408B3,1,0.9990615248680115
25015421B3,0,0.0034200537484139204
25015422B,1,0.9846891164779663
25015425B2,1,0.9768843054771423
25015471B,0,0.03982573375105858
25015488B2,1,0.009154644794762135
25015495B3,1,0.9898950457572937
25015495B4,1,0.9999094009399414
25015496B,0,0.0002246062213089317
25015594B2,0,0.022152448073029518
25015607B2,1,0.9995079040527344
25015608B2,0,0.04986479878425598
25015622B2,1,0.7503665089607239
25015625B2,1,0.9309234619140625
25015640B3,0,0.046651873737573624
25015640B5,0,0.001516353921033442
25015784B2,0,0.011949506588280201
25015798B2,0,0.0014603156596422195
25015811B3,1,0.9695796370506287
25015811B4,1,0.9988779425621033
25015820B,1,0.9998414516448975
25015863B2,1,0.996429979801178
25015867B2,0,0.18506072461605072
25015870B3,1,0.9791774153709412
25016027B,0,6.435267277993262e-05
25016031B2,0,0.0006341100088320673
25016077B2,1,0.16489556431770325
25016088B2,1,0.9999514818191528
25016772B2,1,0.9999529123306274
25016785B2,1,0.9943165183067322
25016801B2,1,0.9974207878112793
25016827B2,0,0.0005676307482644916
25016829B2,1,0.9999988079071045
25016903B4,1,0.9974051117897034
25016905B4,1,0.9606263637542725
25016915B2,1,0.9837107062339783
25016926B2,1,0.9922078251838684
25017073B2,1,0.9940839409828186
25017089B2,1,0.999544084072113
25017211B2,1,0.9635831713676453
25017218B3,1,0.00017472267791163176
25017220B2,1,0.4289255738258362
25017227B2,1,0.9998666048049927
25017242B2,1,0.9877886176109314
25017320B2,1,0.9997966885566711
25017322B2,1,0.9977757334709167
25017338B3,1,0.9999749660491943
25017341B3,0,0.002973610069602728
25017341B4,1,0.9992600083351135
25017342B2,0,0.005663061980158091
25017354B5,1,0.9412331581115723
25017355B1,1,0.9938247203826904
25017355B4,0,0.00014299535541795194
25017372B2,1,0.19109052419662476
25017383B2,1,0.9986637830734253
25017499B,0,0.003973560407757759
25017500B,0,0.07495124638080597
25017515B2,1,0.999813973903656
25017518B2,1,0.9994277358055115
25017538B4,1,0.004598984029144049
25017539B2,1,0.015387664549052715
25017539B3,1,0.9982728958129883
25017589B6,1,0.9816586375236511
25017592B3,0,0.0036406349390745163
25017711B,1,0.9736798405647278
25017716B2,1,0.003953773062676191
25017718B2,1,0.96357661485672
25017730B2,0,0.0005912861088290811
25017738B2,1,0.9912005066871643
25017739B2,0,0.047313809394836426
25017748B2,1,0.9979649782180786
25017767B2,1,0.9999994039535522
25017923B,0,0.5472558736801147
25017930B,0,2.520827706575801e-07
25017932B2,1,0.999987006187439
25017948B3,1,0.890251636505127
25018002B2,1,0.9999990463256836
25018050B2,1,0.999464213848114
25018453B2,1,0.9927462935447693
25018457B2,1,0.9986875653266907
25018478B2,0,0.01296735368669033
25018571B2,1,0.9883553981781006
25018584B,1,0.9955750703811646
25018592B,1,0.9995682835578918
25018910B2,1,0.9973701238632202
25018956B3,0,9.060009324457496e-05
25019081B3,1,0.9841203093528748
25019094B8,0,0.002170142950490117
25019102B4,1,0.9933463335037231
25019107B,1,0.9998301267623901
25019273B,0,0.010834524407982826
25019283B2,1,0.9854393005371094
25019284B2,1,0.9987177848815918
25019294B1,0,1.069195059244521e-05
25019294B2,0,1.8023393977273372e-06
25019335B6,0,0.17219915986061096
25019339B2,0,8.996383257908747e-06
25019339B3,0,0.026743803173303604
25019352B2,1,0.8262474536895752
25019376B2,1,0.9984984397888184
25019379B,1,0.9998132586479187
25019384B2,1,0.9999414682388306
25019457B2,1,0.9996548891067505
25019468B2,1,0.9677212834358215
25019474B2,0,0.014220762066543102
25019503B,0,0.014996896497905254
25019508B4,1,0.9991130232810974
25019621B2,1,0.9999083280563354
25019621B4,1,0.9999697208404541
25019629B2,0,0.006364649627357721
25019675B2,0,0.01478751190006733
25019705B2,0,3.096961518167518e-05
25019716B2,1,0.9999980926513672
25019773B3,1,0.9993126392364502
25019776B2,1,0.9998873472213745
25019790B2,1,0.9998181462287903
25019806B2,1,0.8723812699317932
25020232B,0,0.0017257555155083537
25020257B2,1,0.9823092818260193
25020263B2,1,0.9999978542327881
25020282B2,1,0.9959557056427002
25020291B2,1,0.9898204803466797
25020353B2,0,1.7114829233833007e-06
25020556B4,0,0.010410967282950878
25020573B3,1,0.9902626276016235
25020714B2,1,0.7764362692832947
25020714B4,0,0.0040197051130235195
25020717B2,1,0.9947155117988586
25020760B3,1,0.9798173308372498
25020799B3,0,0.0016576539492234588
25020799B5,0,2.5589806682546623e-05
25021120B4,1,0.5728734135627747
25021164B2,1,0.980191707611084
25021171B2,1,0.9999998807907104
25021196B2,0,1.8167826056014746e-05
25021197B2,1,0.8640844821929932
25021260B2,1,0.5716040730476379
25021277B3,0,0.00014221241872292012
25021277B4,0,0.00012130603136029094
25021291B2,1,0.4430709183216095
25021419B1,1,0.5865395665168762
25021421B2,0,0.0024973975960165262
25021474B,1,0.999996542930603
25021481B2,1,0.9982733726501465
25021487B,0,0.007019465323537588
25021538B2,1,0.9988791346549988
25021554B2,1,0.9984167814254761
25021555B2,0,0.007060334086418152
25021558B2,0,0.0004284554161131382
25021575B4,1,0.9570971131324768
25021622B4,1,0.9999327659606934
25021640B3,1,0.39149507880210876
25021658B3,1,0.9997116923332214
25021662B2,1,0.9960842132568359
25021665B2,0,1.74010365299182e-05
25021665B3,0,8.185223805412534e-07
25021667B2,1,0.9878475666046143
25021668B2,1,0.999923825263977
25021672B,0,0.006243995390832424
25021735B5,0,3.234993710066192e-05
25021890B4,0,0.011255290359258652
25021890B6,0,0.08332861214876175
25021893B2,1,0.9206817150115967
25021894B2,1,0.9974381923675537
25021894B3,1,0.986274778842926
25021901B2,1,0.9999967813491821
25021911B2,1,0.955879807472229
25021918B4,1,0.9994345307350159
25021922B2,0,0.0004299090651329607
25021973B2,1,0.9989593029022217
25022013B,0,8.733107961234055e-07
25022019B2,1,0.9996142387390137
25022038B2,1,0.9999693632125854
25022262B2,1,0.9999804496765137
25022278B2,1,0.2786801755428314
25022330B2,1,0.7425003051757812
25022343B3,1,0.9980251789093018
25022344B2,0,0.00026927137514576316
25022354B2,1,0.7743968963623047
25022406B2,1,0.9522181749343872
25022458B2,0,0.0001915443135658279
25022584B2,0,0.003022571559995413
25022584B3,0,1.3868192581867334e-05
25022613B2,0,0.009987345896661282
25023016B6,1,0.9996844530105591
25023174B2,0,0.04487229883670807
25023184B2,1,0.8488565683364868
25023327B3,0,0.03116912953555584
25023573B,1,0.9453380107879639
25023590B3,1,0.9995552897453308
25023590B4,1,0.9966572523117065
25023687B2,1,0.9879336953163147
25023687B3,0,0.5785991549491882
25023687B4,0,0.01591370813548565
25023690B3,1,0.9971516728401184
25023814B,1,0.9135351777076721
25023828B,0,0.000603941036388278
25023846B4,0,0.006480939220637083
25023869B3,1,0.5589386224746704
25023869B4,1,0.9998143315315247
25023930B2,1,0.9989745616912842
25023934B2,1,0.9727929830551147
25023935B2,0,0.030234994366765022
25023936B2,1,0.8406911492347717
25023961B2,0,0.008531704545021057
25023972B3,0,0.022436147555708885
25023977B2,1,0.33041495084762573
25024142B2,1,0.9999942779541016
25024243B2,1,0.9887316823005676
25024254B2,0,0.00024860264966264367
25024302B4,1,0.9999370574951172
25024310B3,1,0.999996542930603
25024431B,1,0.9719712734222412
25024433B2,0,0.38810643553733826
25024688B2,1,0.9996441602706909
25024695B2,0,0.016337424516677856
25024698B4,1,0.9875412583351135
25024709B2,1,0.9929429888725281
25024732B2,1,0.9997860789299011
25024765B2,0,0.03408754989504814
25024855B3,1,0.9987119436264038
25024855B4,0,2.944126151760429e-07
25024875B2,0,6.710663001285866e-06
25024878B3,1,0.9954341053962708
25024982B1,0,0.01804916374385357
25024982B2,1,0.9761108756065369
25024983B2,1,0.9992210865020752
25025076B,0,0.8320196866989136
25025083B2,1,0.9984557628631592
25025087B,0,0.000751560612116009
25025096B2,1,0.9999958276748657
25025097B,0,0.0064811427146196365
25025102B2,1,0.9990830421447754
25025109B2,1,0.9991440773010254
25025240B,1,0.15629909932613373
25025245B2,1,0.9963106513023376
25025251B,1,0.9999977350234985
25025262B2,1,0.9999892711639404
25025291B,0,0.4966379702091217
25025293B2,0,0.04520338773727417
25025297B,1,0.9962988495826721
25025298B2,1,0.8130149841308594
25025506B,1,0.9999151229858398
25025509B2,1,0.9970020651817322
25025510B1,1,0.9825181365013123
25025510B3,1,0.9531753063201904
25025567B3,1,0.9822267293930054
25025567B4,0,0.9933735132217407
25025569B,0,0.00046814800589345396
25025570B2,1,0.9990283250808716
25025575B2,1,0.9030488729476929
25025602B2,1,0.9760990738868713
25025616B,0,0.0003150888660456985
25025675B2,1,0.9990799427032471
25025788B2,1,0.9997861981391907
25025951B,0,0.9999487400054932
25025953B2,1,0.9992682337760925
25025954B3,0,0.08628389984369278
25025960B2,1,0.9977568984031677
25025975B2,0,0.022080425173044205
25026075B2,1,0.9973777532577515
25026081B2,1,0.7080628871917725
25026103B2,0,0.0005017007351852953
25026103B3,1,0.997837245464325
25026144B2,0,0.00039985639159567654
25026144B3,0,6.568506796611473e-05
25026163B,1,0.9999871253967285
25026180B2,1,0.9993379712104797
25026254B2,1,0.9998249411582947
25026285B2,0,0.2035965621471405
25026291B2,1,0.9996539354324341
25026294B3,0,0.31001344323158264
25026499B3,0,0.003714854596182704
25026509B,0,0.01581576280295849
25026669B2,1,0.9999755620956421
25026740B2,1,0.999977707862854
25026752B,0,2.9759146855212748e-05
25026782B3,0,3.565502629498951e-05
25026797B2,0,0.7719557285308838
25026798B2,1,0.989456832408905
25027122B2,1,0.9783945083618164
25027131B2,0,3.3922922739293426e-05
25027135B3,1,0.9996253252029419
25027167B2,1,0.9995404481887817
25027181B2,0,2.4484811547154095e-06
25027181B3,0,1.2734695076233038e-07
25027181B4,0,1.1210899174329825e-05
25027181B5,0,0.0026832851581275463
25027181B6,0,0.0006678466452285647
25027193B,0,0.01233138982206583
25027290B2,1,0.9975952506065369
25027606B3,0,0.25369489192962646
25027636B2,0,0.02234077639877796
25027718B2,0,3.7031929878139636e-07
25027723B4,0,0.45904842019081116
25027770B,0,0.3662634789943695
25028010B2,0,0.0007564141415059566
25028010B2a,0,0.03356172516942024
25028010B3,0,5.565442916122265e-05
25028014B4,0,0.02183634601533413
25028014B5,0,0.0005958055844530463
25028014B6,0,2.418359599687392e-06
25028014B7,0,4.200108833174454e-06
25028134B,0,0.050115253776311874
25028147B3,0,2.4130515612341696e-06
25028151B2,0,0.001424226793460548
25028151B3,0,1.2124311069783289e-05
25028186B2,0,0.8016334176063538
25028210B2,0,1.0336229024687782e-05
25028514B,0,1.3099319176035351e-06
25028520B3,0,1.1955470654356759e-05
25028738B2,0,0.003714129561558366
25028862B2,0,0.005771883297711611
25028868B2,0,0.7172663807868958
25028879B3,0,0.9432617425918579
25028885B2,0,1.5894585203568568e-06
25029134B,0,0.002293829107657075
25029179B,0,2.0622774172807112e-06
25029425B,0,0.00363154080696404
25029425B2,0,0.06005039066076279
25029425B3,0,0.1617993861436844
25029560B2,0,1.2832809261453804e-05
25029565B5,0,5.6013934226939455e-05
25029737B2,0,7.658281538169831e-05
25029906B2,0,0.0018810826586559415
25030118B2,0,5.039108145865612e-06
25030157B3,0,0.003374093910679221
25030157B4,0,3.620792631409131e-05
25030334B2,0,0.008122487924993038
25030619B2,0,0.002539821667596698
25030630B,0,5.370924100134289e-06
25030750B2,0,0.0006291056051850319
25030988B4,0,0.0001470584247726947
25030998B2,0,0.0007174302591010928
25031267B2,0,8.517112291883677e-06
25031271B2,0,0.00010980104707414284
25031281B2,0,0.8842011094093323
25031302B,0,9.503300134383608e-06
25031385B4,0,0.001891033025458455
25031387B2,0,0.0006326910806819797
25031411B3,0,0.00044832011917605996
25031706B,0,0.16052962839603424
25031706B2,0,0.008490524254739285
25032143B2,0,0.00014403197565115988
25032143B3,0,2.959972562166513e-06
25032146B2,0,0.0014723844360560179
25032179B3,0,0.006268794648349285
25032245B2,0,0.0012538341106846929
25032360B2,0,0.00013466518430504948
25032626B2,0,0.01122966781258583
25032788B4,0,0.9995636343955994
25032789B2,0,0.002594362711533904
25033169B1,0,0.020454850047826767
25033178B4,0,1.2106181657145498e-06
25033211B,0,0.2867976427078247
25033447B4,0,0.7353784441947937
25033482B2,0,0.008210528641939163
25033486B,0,0.0008053650381043553
25033894B2,0,0.000986195169389248
25034245B2,0,0.4399866759777069
25034327B2,0,0.02396877482533455
25034929B2,0,3.376020322320983e-05
25034940B10,0,0.0021087683271616697
25034940B11,0,0.0001294708636123687
25034940B12,0,0.0007404431817121804
25034940B8,0,1.710641072349972e-06
25034940B9,0,9.003846207633615e-05
25035354B,0,0.0008599922875873744
25035354B2,0,0.0023631516378372908
25035354B3,0,0.004641189705580473
25035882B3,0,5.961146962363273e-05
25035882B4,0,5.99802433498553e-07
25036226B4,0,0.01315220445394516
25036333B3,0,0.0037897974252700806
25036340B1,0,0.004304318688809872
25036341B,0,0.8524122834205627
25036634B2,0,0.3352123200893402
25041732B,0,0.29327401518821716
25041763B,0,0.02281699702143669
25042220B2,0,0.5812873840332031
25042465B3,0,0.060422658920288086
25042830B2,0,0.00020451666205190122
25043126B2,0,0.00011450761667219922
25043600B3,0,4.680856363847852e-05
25044694B,0,0.17099332809448242
25045403B,0,0.0011512372875586152
25045403B-1,0,0.0009267640998587012
25045403B2,0,6.738957836205373e-06
25045450B2,0,4.7637651732657105e-05
25045450B5,0,2.206435738116852e-06
25045625B1,0,8.161374717019498e-05
25045625B2,0,0.000401222612708807
25045625B3,0,0.0016965937102213502
25045676B4,0,0.03016052581369877
25045801B1,0,0.03925997018814087
25045801B2,0,0.0011753623839467764
25045807B4,0,0.0010727215558290482
25045829B2,0,0.0005460703396238387
25045839B,0,0.6750648021697998
25046521B3,0,0.0012298497604206204
25046631B2,0,1.3862585547030903e-05
25046855B,0,0.00015868674381636083
25047066B,0,0.001347540644928813
25047067B2,0,0.10869159549474716
25047077B2,0,0.00022266397718340158
25047088B,0,1.567363869980909e-05
25047401B2,0,0.00039641247713007033
25047538B2,0,0.02725808136165142
25047815B,0,0.0012096501886844635
25047835B3,0,2.210129241575487e-05
25047844B2,0,9.804956789594144e-06
25047972B2,0,0.0003642818774096668
25048256B2,0,0.001924581010825932
25048633B2,0,0.00010005046351579949
25048669B2,0,0.13949571549892426
25049669B3,0,0.0005088174366392195
25049966B2,0,0.08246953040361404
25049999B2,0,0.00021489981736522168
25050326B,0,0.005222983658313751
25050345B2,0,4.810195241589099e-05
25050415B2,0,4.610398605109367e-07
25050830B2,0,8.951682502811309e-06
25050862B2,0,0.5044472217559814
25050888B2,0,6.14064047113061e-05
25050888B3,0,0.064494289457798
25050984B2,0,0.7557042837142944
25051008B4,0,5.9047619288321584e-05
25051207B5,0,0.0006810259656049311
25052288B,0,0.976622462272644
25052316B,0,0.01972627453505993
25052654B2,0,3.0970735679147765e-05
25053425B2,0,7.136019121389836e-05
25053683B2,0,0.08413038402795792
25054130B1,0,0.00018505132175050676
25054130B2,0,0.0017470130696892738
25054212B,0,2.4861403289833106e-05
25054489B3,0,0.0001942516682902351
25054693B2,0,0.000387848645914346
25055380B2,0,0.002168656326830387
25055681B2,0,0.03559289872646332
25055778B2,0,0.0011352342553436756
25055784B2,0,0.4371680021286011
25055857B2,0,9.068869985640049e-06
25057854B3,0,0.0013505291426554322
25057856B2,0,0.004095892887562513
25057858B2,0,1.4442597375818877e-06
25057865B1,0,0.9638733267784119
25058118B3,0,0.0014458224177360535
25058118B4,0,0.0036868650931864977
25058627B2,0,1.0
25058713B2,0,6.194998604769353e-06
25058746B4,0,2.2677932065562345e-05
25059470B2,0,0.00042256887536495924
25059686B2,0,0.05775332450866699
25060539B2,0,0.0006199833587743342
25061727B2,0,1.2907034943054896e-06
25062444B,0,0.0005297286552377045
25062891B4,0,0.005766661837697029
25063228B5,0,2.778151974780485e-05
25063371B2,0,0.05943290889263153
25063642B,0,0.03644440323114395
25063642B2,0,0.007512038107961416
25063676B,0,0.26320067048072815
25063676B2,0,0.9353373050689697
25063700B,0,3.4236498436257534e-07
